{"version":null,"displayName":"TestRail","type":"TestRail","logo":"Testrail_logo.jpeg","logoSmall":"Testrail_icon.jpg","metadata":[{"name":"Project","dependent":false,"dependentMetadata":null,"values":[{"id":"1","name":"RailTest","attributeName":null,"referenceType":null,"dependents":null,"regex":false}]},{"name":"Issue Type","dependent":false,"dependentMetadata":null,"values":[{"id":"Case","name":"Case","attributeName":null,"referenceType":null,"dependents":null,"regex":false}]}],"fields":[{"id":"updated_on","name":"Updated On","datatype":"Datetime","values":null},{"id":"priority_id","name":"Priority","datatype":"String","values":[{"id":"1","name":"Critical","attributeName":null,"referenceType":null,"dependents":null,"regex":false},{"id":"2","name":"High","attributeName":null,"referenceType":null,"dependents":null,"regex":false},{"id":"3","name":"Medium","attributeName":null,"referenceType":null,"dependents":null,"regex":false},{"id":"4","name":"Low","attributeName":null,"referenceType":null,"dependents":null,"regex":false}]},{"id":"type_id","name":"Type","datatype":"String","values":[{"id":"1","name":"Acceptance","attributeName":null,"referenceType":null,"dependents":null,"regex":false},{"id":"7","name":"Other","attributeName":null,"referenceType":null,"dependents":null,"regex":false},{"id":"2","name":"Accessibility","attributeName":null,"referenceType":null,"dependents":null,"regex":false}]},{"id":"estimate","name":"Estimate","datatype":"String","values":null},{"id":"id","name":"Id","datatype":"Number","values":null},{"id":"title","name":"Title","datatype":"String","values":null},{"id":"steps","name":"Steps","datatype":"String","values":null},{"id":"custompg","name":"custompg","datatype":"String","values":null}],"loginOptions":[],"idFieldName":"id","titleFieldName":"title","projectFieldName":"","artifactFieldName":"","testStepsFieldName":null,"changedDateFieldName":"updated_on","dateFormat":"dd-MM-yyyy","dateTimeFormat":"dd-MM-yyyy HH:mm:ss.SSS","queryDateFormat":"","iso8601DateFormat":false,"commentFieldName":null,"commentFieldId":null,"attachmentFieldName":null,"attachmentFieldId":null,"apiVersion":null,"callBackUrlConfigured":false,"callBackUrls":null,"apiProvider":"ExternalApplication","applicationType":null,"urlDescription":"","userNameDescription":"","passwordDescription":"","paginationSupported":false,"paginationAttributes":null,"status":"Active","active":true,"syncModel":"ReadWrite"}