[{"schemeId":2,"schemeName":"version1","adapterType":"TestRail","group":null,"active":true,"adapterMetadataList":[],"requestHeaders":[{"headerId":15,"headerKey":"Content-Type","headerValue":"application/json"}],"restTemplates":{"QUERY_RECORD_BY_ID":{"templateId":9,"operation":"QUERY_RECORD_BY_ID","httpVerb":"GET","restUrl":"/?api/v2/get_case/${recordId}","specifications":{"Response":{"specId":11,"type":"Response","adapterType":null,"specType":"JOLT","status":"Active","specification":"[\n  {\n    \"operation\": \"shift\",\n    \"spec\": {\n\"id\":\"id\",\n\"*\":\"fields.&\"\n}\n},\n{\n\"operation\": \"modify-overwrite-beta\",\n    \"spec\": {\n\"id\": \"=toString\"\n}\n},\n{\n\"operation\": \"modify-overwrite-beta\",\n    \"spec\": {\n\"fields\":{\n      \"*\": \"=toString\"\n}\n}\n}\n]","samplePayload":"{\n    \"id\": 4,\n    \"title\": \"My 4th test case\",\n    \"section_id\": 1,\n    \"template_id\": 1,\n    \"type_id\": 7,\n    \"priority_id\": 2,\n    \"milestone_id\": null,\n    \"refs\": null,\n    \"created_by\": 1,\n    \"created_on\": 1600477393,\n    \"updated_by\": 1,\n    \"updated_on\": 1600477393,\n    \"estimate\": null,\n    \"estimate_forecast\": null,\n    \"suite_id\": 1,\n    \"display_order\": 4,\n    \"custom_automation_type\": 0,\n    \"custom_preconds\": null,\n    \"custom_steps\": null,\n    \"custom_expected\": null,\n    \"custom_steps_separated\": null,\n    \"custom_mission\": null,\n    \"custom_goals\": null\n}","statusCode":2,"contentAvailable":true},"Request":{"specId":12,"type":"Request","adapterType":null,"specType":null,"status":"Active","specification":null,"samplePayload":null,"statusCode":2,"contentAvailable":false}}},"CREATE_RECORD":{"templateId":8,"operation":"CREATE_RECORD","httpVerb":"POST","restUrl":"/?api/v2/add_case/1","specifications":{"Response":{"specId":17,"type":"Response","adapterType":null,"specType":"JOLT","status":"Active","specification":"[\n  {\n    \"operation\": \"shift\",\n    \"spec\": {\n\"id\":\"id\",\n\"*\":\"fields.&\"\n}\n},\n{\n\"operation\": \"modify-overwrite-beta\",\n    \"spec\": {\n\"id\": \"=toString\"\n}\n},\n{\n\"operation\": \"modify-overwrite-beta\",\n    \"spec\": {\n\"fields\":{\n      \"*\": \"=toString\"\n}\n}\n}\n]","samplePayload":"{\n    \"id\": 7,\n    \"title\": \"My 3rd test case\",\n    \"section_id\": 1,\n    \"template_id\": 1,\n    \"type_id\": 1,\n    \"priority_id\": 3,\n    \"milestone_id\": null,\n    \"refs\": \"RF-1, RF-2\",\n    \"created_by\": 1,\n    \"created_on\": 1600814460,\n    \"updated_by\": 1,\n    \"updated_on\": 1600814460,\n    \"estimate\": \"3m\",\n    \"estimate_forecast\": null,\n    \"suite_id\": 1,\n    \"display_order\": 7,\n    \"custom_automation_type\": null,\n    \"custom_preconds\": null,\n    \"custom_steps\": null,\n    \"custom_expected\": null,\n    \"custom_steps_separated\": null,\n    \"custom_mission\": null,\n    \"custom_goals\": null\n}","statusCode":2,"contentAvailable":true},"Request":{"specId":18,"type":"Request","adapterType":null,"specType":"JOLT","status":"Active","specification":"[\n  {\n    \"operation\": \"shift\",\n    \"spec\": {\n\"fields\":{\n\"*\":\"&\"\n}\n}\n}\n]\n ","samplePayload":"{\n  \"fields\": {\n  \"title\": \"My 3rd test case\",\n\t\"type_id\": 1,\n\t\"priority_id\": 3,\n\t\"estimate\": \"3m\",\n\t\"refs\": \"RF-1, RF-2\"\n  }\n}","statusCode":2,"contentAvailable":true}}},"UPDATE_RECORD":{"templateId":6,"operation":"UPDATE_RECORD","httpVerb":"POST","restUrl":"/?api/v2/update_case/${recordId}","specifications":{"Response":{"specId":15,"type":"Response","adapterType":null,"specType":"JOLT","status":"Active","specification":"[\n  {\n    \"operation\": \"shift\",\n    \"spec\": {\n\"id\":\"id\",\n\"*\":\"fields.&\"\n}\n},\n{\n\"operation\": \"modify-overwrite-beta\",\n    \"spec\": {\n\"id\": \"=toString\"\n}\n},\n{\n\"operation\": \"modify-overwrite-beta\",\n    \"spec\": {\n\"fields\":{\n      \"*\": \"=toString\"\n}\n}\n}\n]","samplePayload":"{\n    \"id\": 1,\n    \"title\": \"My 1st test case\",\n    \"section_id\": 1,\n    \"template_id\": 1,\n    \"type_id\": 7,\n    \"priority_id\": 1,\n    \"milestone_id\": null,\n    \"refs\": null,\n    \"created_by\": 1,\n    \"created_on\": 1600300026,\n    \"updated_by\": 1,\n    \"updated_on\": 1600989293,\n    \"estimate\": \"5m\",\n    \"estimate_forecast\": \"5m\",\n    \"suite_id\": 1,\n    \"display_order\": 1,\n    \"custom_automation_type\": 0,\n    \"custom_preconds\": null,\n    \"custom_steps\": null,\n    \"custom_expected\": null,\n    \"custom_steps_separated\": null,\n    \"custom_mission\": null,\n    \"custom_goals\": null\n}","statusCode":2,"contentAvailable":true},"Request":{"specId":16,"type":"Request","adapterType":null,"specType":"JOLT","status":"Active","specification":"[\n  {\n    \"operation\": \"shift\",\n    \"spec\": {\n\"fields\":{\n\"*\":\"&\"\n}\n}\n}\n]\n ","samplePayload":"{\n  \"id\": \"TP-4\",\n  \"fields\": {\n   \t\"priority_id\": 1,\n\t\"estimate\": \"5m\"\n  }\n}","statusCode":2,"contentAvailable":true}}},"QUERY_MODIFIED_RECORDS":{"templateId":7,"operation":"QUERY_MODIFIED_RECORDS","httpVerb":"GET","restUrl":"?/api/v2/get_cases/${Project}&updated_after=${last-modified-time}","specifications":{"Response":{"specId":13,"type":"Response","adapterType":null,"specType":"JOLT","status":"Active","specification":"[\n  {\n    \"operation\": \"shift\",\n    \"spec\": {\n      \"*\": {\n        \"id\": \"result.[&1].id\",\n        \"*\": \"result.[&1].fields.&\"\n      }\n    }\n},\n  {\n    \"operation\": \"default\",\n    \"spec\": {\n      \"result\": []\n    }\n  },\n{\n\"operation\": \"modify-overwrite-beta\",\n    \"spec\": {\n \"result\":{\n  \"*\":{\n\"id\": \"=toString\"\n}\n}\n}\n},\n{\n\"operation\": \"modify-overwrite-beta\",\n    \"spec\": {\n   \"result\":{\n   \"*\":{\n   \"fields\":{\n      \"*\": \"=toString\"\n}\n}\n}\n}\n},\n{\n\"operation\": \"modify-overwrite-beta\",\n       \"spec\": {\n      \"totalModifiedRecords\": \"=size(@(1,result))\"\n    }\n}\n]","samplePayload":"[\n    {\n        \"id\": 1,\n        \"title\": \"My 1st test case\",\n        \"section_id\": 1,\n        \"template_id\": 1,\n        \"type_id\": 7,\n        \"priority_id\": 1,\n        \"milestone_id\": null,\n        \"refs\": null,\n        \"created_by\": 1,\n        \"created_on\": 1600300026,\n        \"updated_by\": 1,\n        \"updated_on\": 1600302738,\n        \"estimate\": \"5m\",\n        \"estimate_forecast\": \"5m\",\n        \"suite_id\": 1,\n        \"display_order\": 1,\n        \"custom_automation_type\": 0,\n        \"custom_preconds\": null,\n        \"custom_steps\": null,\n        \"custom_expected\": null,\n        \"custom_steps_separated\": null,\n        \"custom_mission\": null,\n        \"custom_goals\": null\n    },\n    {\n        \"id\": 2,\n        \"title\": \"My 2nd test cases\",\n        \"section_id\": 1,\n        \"template_id\": 1,\n        \"type_id\": 7,\n        \"priority_id\": 2,\n        \"milestone_id\": null,\n        \"refs\": null,\n        \"created_by\": 1,\n        \"created_on\": 1600301454,\n        \"updated_by\": 1,\n        \"updated_on\": 1600301454,\n        \"estimate\": null,\n        \"estimate_forecast\": null,\n        \"suite_id\": 1,\n        \"display_order\": 2,\n        \"custom_automation_type\": 0,\n        \"custom_preconds\": null,\n        \"custom_steps\": null,\n        \"custom_expected\": null,\n        \"custom_steps_separated\": null,\n        \"custom_mission\": null,\n        \"custom_goals\": null\n    },\n    {\n        \"id\": 3,\n        \"title\": \"My 3rd test case\",\n        \"section_id\": 1,\n        \"template_id\": 1,\n        \"type_id\": 1,\n        \"priority_id\": 3,\n        \"milestone_id\": null,\n        \"refs\": \"RF-1, RF-2\",\n        \"created_by\": 1,\n        \"created_on\": 1600303394,\n        \"updated_by\": 1,\n        \"updated_on\": 1600303394,\n        \"estimate\": \"3m\",\n        \"estimate_forecast\": \"3m\",\n        \"suite_id\": 1,\n        \"display_order\": 3,\n        \"custom_automation_type\": null,\n        \"custom_preconds\": null,\n        \"custom_steps\": null,\n        \"custom_expected\": null,\n        \"custom_steps_separated\": null,\n        \"custom_mission\": null,\n        \"custom_goals\": null\n    },\n    {\n        \"id\": 4,\n        \"title\": \"My 4th test case\",\n        \"section_id\": 1,\n        \"template_id\": 1,\n        \"type_id\": 7,\n        \"priority_id\": 2,\n        \"milestone_id\": null,\n        \"refs\": null,\n        \"created_by\": 1,\n        \"created_on\": 1600477393,\n        \"updated_by\": 1,\n        \"updated_on\": 1600477393,\n        \"estimate\": null,\n        \"estimate_forecast\": null,\n        \"suite_id\": 1,\n        \"display_order\": 4,\n        \"custom_automation_type\": 0,\n        \"custom_preconds\": null,\n        \"custom_steps\": null,\n        \"custom_expected\": null,\n        \"custom_steps_separated\": null,\n        \"custom_mission\": null,\n        \"custom_goals\": null\n    }\n]","statusCode":2,"contentAvailable":true},"Request":{"specId":14,"type":"Request","adapterType":null,"specType":null,"status":"Active","specification":null,"samplePayload":null,"statusCode":2,"contentAvailable":false}}}},"default":true}]