[{"schemeId":27,"schemeName":"version1","adapterType":"TestRail","group":null,"active":true,"adapterMetadataList":[],"requestHeaders":[{"headerId":77,"headerKey":"Content-Type","headerValue":"application/json"}],"restTemplates":{"QUERY_MODIFIED_RECORDS":{"templateId":397,"operation":"QUERY_MODIFIED_RECORDS","httpVerb":"GET","restUrl":"index.php?/api/v2/get_cases/${project_id}&updated_after=${last-modified-time}","specifications":{"Request":{"specId":791,"type":"Request","adapterType":null,"specType":null,"status":"Active","specification":null,"samplePayload":null,"statusCode":2,"contentAvailable":false},"Response":{"specId":792,"type":"Response","adapterType":null,"specType":"JOLT","status":"Active","specification":"[\n  {\n    \"operation\": \"shift\",\n    \"spec\": {\n      \"cases\": {\n        \"*\": {\n          \"id\": \"result[&1].id\",\n          \"*\": \"result[&1].fields.&\",\n          \"updated_on\":\"result[&1].fields._change date\"\n        }\n      }\n    }\n  },\n  {\n    \"operation\": \"default\",\n    \"spec\": {\n      \"result\": []\n    }\n  },\n  {\n    \"operation\": \"modify-overwrite-beta\",\n    \"spec\": {\n      \"result\": {\n        \"*\": {\n          \"id\": \"=toString\"\n        }\n      }\n    }\n  },\n  {\n    \"operation\": \"modify-overwrite-beta\",\n    \"spec\": {\n      \"result\": {\n        \"*\": {\n          \"fields\": {\n            \"*\": \"=toString\"\n          }\n        }\n      }\n    }\n  },\n  {\n    \"operation\": \"modify-overwrite-beta\",\n    \"spec\": {\n      \"totalModifiedRecords\": \"=size(@(1,result))\"\n    }\n  }\n]\n","samplePayload":"{\n  \"offset\": 0,\n  \"limit\": 250,\n  \"size\": 4,\n  \"_links\": {\n    \"next\": null,\n    \"prev\": null\n  },\n  \"cases\": [\n    {\n      \"id\": 1,\n      \"title\": \"TestRail Test Case 1\",\n      \"section_id\": 1,\n      \"template_id\": 1,\n      \"type_id\": 7,\n      \"priority_id\": 2,\n      \"milestone_id\": null,\n      \"refs\": null,\n      \"created_by\": 1,\n      \"created_on\": 1757002172,\n      \"updated_by\": 1,\n      \"updated_on\": 1757002172,\n      \"estimate\": null,\n      \"estimate_forecast\": null,\n      \"suite_id\": 1,\n      \"display_order\": 1,\n      \"is_deleted\": 0,\n      \"case_assignedto_id\": null,\n      \"custom_automation_type\": 0,\n      \"custom_preconds\": null,\n      \"custom_steps\": null,\n      \"custom_testrail_bdd_scenario\": null,\n      \"custom_expected\": null,\n      \"custom_steps_separated\": null,\n      \"custom_mission\": null,\n      \"custom_goals\": null,\n      \"comments\": [],\n      \"labels\": []\n    },\n    {\n      \"id\": 2,\n      \"title\": \"TestRail Test Case 2\",\n      \"section_id\": 1,\n      \"template_id\": 1,\n      \"type_id\": 7,\n      \"priority_id\": 2,\n      \"milestone_id\": null,\n      \"refs\": null,\n      \"created_by\": 1,\n      \"created_on\": 1757006370,\n      \"updated_by\": 1,\n      \"updated_on\": 1757006370,\n      \"estimate\": null,\n      \"estimate_forecast\": null,\n      \"suite_id\": 1,\n      \"display_order\": 2,\n      \"is_deleted\": 0,\n      \"case_assignedto_id\": null,\n      \"custom_automation_type\": 0,\n      \"custom_preconds\": null,\n      \"custom_steps\": null,\n      \"custom_testrail_bdd_scenario\": null,\n      \"custom_expected\": null,\n      \"custom_steps_separated\": null,\n      \"custom_mission\": null,\n      \"custom_goals\": null,\n      \"comments\": [],\n      \"labels\": []\n    },\n    {\n      \"id\": 3,\n      \"title\": \"Test Case Ann\",\n      \"section_id\": 1,\n      \"template_id\": 1,\n      \"type_id\": 7,\n      \"priority_id\": 2,\n      \"milestone_id\": null,\n      \"refs\": null,\n      \"created_by\": 1,\n      \"created_on\": 1757686721,\n      \"updated_by\": 1,\n      \"updated_on\": 1757686915,\n      \"estimate\": null,\n      \"estimate_forecast\": null,\n      \"suite_id\": 1,\n      \"display_order\": 3,\n      \"is_deleted\": 0,\n      \"case_assignedto_id\": null,\n      \"custom_automation_type\": 0,\n      \"custom_preconds\": null,\n      \"custom_steps\": null,\n      \"custom_testrail_bdd_scenario\": null,\n      \"custom_expected\": null,\n      \"custom_steps_separated\": null,\n      \"custom_mission\": null,\n      \"custom_goals\": null,\n      \"comments\": [],\n      \"labels\": []\n    },\n    {\n      \"id\": 4,\n      \"title\": \"Test Case Barbara\",\n      \"section_id\": 1,\n      \"template_id\": 1,\n      \"type_id\": 7,\n      \"priority_id\": 2,\n      \"milestone_id\": null,\n      \"refs\": null,\n      \"created_by\": 1,\n      \"created_on\": 1757686834,\n      \"updated_by\": 1,\n      \"updated_on\": 1757950953,\n      \"estimate\": null,\n      \"estimate_forecast\": null,\n      \"suite_id\": 1,\n      \"display_order\": 4,\n      \"is_deleted\": 0,\n      \"case_assignedto_id\": null,\n      \"custom_automation_type\": 0,\n      \"custom_preconds\": null,\n      \"custom_steps\": null,\n      \"custom_testrail_bdd_scenario\": null,\n      \"custom_expected\": null,\n      \"custom_steps_separated\": null,\n      \"custom_mission\": null,\n      \"custom_goals\": null,\n      \"comments\": [],\n      \"labels\": []\n    }\n  ]\n}","statusCode":2,"contentAvailable":true}}},"UPDATE_RECORD":{"templateId":398,"operation":"UPDATE_RECORD","httpVerb":"POST","restUrl":"index.php?/api/v2/update_case/${recordId}","specifications":{"Request":{"specId":793,"type":"Request","adapterType":null,"specType":"JOLT","status":"Active","specification":"[\n  {\n    \"operation\": \"shift\",\n    \"spec\": {\n\"fields\":{\n\"*\":\"&\"\n}\n}\n}\n]\n ","samplePayload":"{\n  \"id\": \"TP-4\",\n  \"fields\": {\n   \t\"priority_id\": 1,\n\t\"estimate\": \"5m\"\n  }\n}","statusCode":2,"contentAvailable":true},"Response":{"specId":794,"type":"Response","adapterType":null,"specType":"JOLT","status":"Active","specification":"[\n  {\n    \"operation\": \"shift\",\n    \"spec\": {\n\"id\":\"id\",\n\"*\":\"fields.&\"\n}\n},\n{\n\"operation\": \"modify-overwrite-beta\",\n    \"spec\": {\n\"id\": \"=toString\"\n}\n},\n{\n\"operation\": \"modify-overwrite-beta\",\n    \"spec\": {\n\"fields\":{\n      \"*\": \"=toString\"\n}\n}\n}\n]","samplePayload":"{\n    \"id\": 1,\n    \"title\": \"My 1st test case\",\n    \"section_id\": 1,\n    \"template_id\": 1,\n    \"type_id\": 7,\n    \"priority_id\": 1,\n    \"milestone_id\": null,\n    \"refs\": null,\n    \"created_by\": 1,\n    \"created_on\": 1600300026,\n    \"updated_by\": 1,\n    \"updated_on\": 1600989293,\n    \"estimate\": \"5m\",\n    \"estimate_forecast\": \"5m\",\n    \"suite_id\": 1,\n    \"display_order\": 1,\n    \"custom_automation_type\": 0,\n    \"custom_preconds\": null,\n    \"custom_steps\": null,\n    \"custom_expected\": null,\n    \"custom_steps_separated\": null,\n    \"custom_mission\": null,\n    \"custom_goals\": null\n}","statusCode":2,"contentAvailable":true}}},"QUERY_RECORD_BY_ID":{"templateId":399,"operation":"QUERY_RECORD_BY_ID","httpVerb":"GET","restUrl":"index.php?/api/v2/get_case/${recordId}","specifications":{"Request":{"specId":795,"type":"Request","adapterType":null,"specType":null,"status":"Active","specification":null,"samplePayload":null,"statusCode":2,"contentAvailable":false},"Response":{"specId":796,"type":"Response","adapterType":null,"specType":"JOLT","status":"Active","specification":"[\n  {\n    \"operation\": \"shift\",\n    \"spec\": {\n\"id\":\"id\",\n\"*\":\"fields.&\"\n}\n},\n{\n\"operation\": \"modify-overwrite-beta\",\n    \"spec\": {\n\"id\": \"=toString\"\n}\n},\n{\n\"operation\": \"modify-overwrite-beta\",\n    \"spec\": {\n\"fields\":{\n      \"*\": \"=toString\"\n}\n}\n}\n]","samplePayload":"{\n    \"id\": 4,\n    \"title\": \"My 4th test case\",\n    \"section_id\": 1,\n    \"template_id\": 1,\n    \"type_id\": 7,\n    \"priority_id\": 2,\n    \"milestone_id\": null,\n    \"refs\": null,\n    \"created_by\": 1,\n    \"created_on\": 1600477393,\n    \"updated_by\": 1,\n    \"updated_on\": 1600477393,\n    \"estimate\": null,\n    \"estimate_forecast\": null,\n    \"suite_id\": 1,\n    \"display_order\": 4,\n    \"custom_automation_type\": 0,\n    \"custom_preconds\": null,\n    \"custom_steps\": null,\n    \"custom_expected\": null,\n    \"custom_steps_separated\": null,\n    \"custom_mission\": null,\n    \"custom_goals\": null\n}","statusCode":2,"contentAvailable":true}}},"CREATE_RECORD":{"templateId":400,"operation":"CREATE_RECORD","httpVerb":"POST","restUrl":"index.php?/api/v2/add_case/${project_id}","specifications":{"Request":{"specId":797,"type":"Request","adapterType":null,"specType":"JOLT","status":"Active","specification":"[\n  {\n    \"operation\": \"shift\",\n    \"spec\": {\n\"fields\":{\n\"*\":\"&\"\n}\n}\n}\n]\n ","samplePayload":"{\n  \"fields\": {\n  \"title\": \"My 3rd test case\",\n\t\"type_id\": 1,\n\t\"priority_id\": 3,\n\t\"estimate\": \"3m\",\n\t\"refs\": \"RF-1, RF-2\"\n  }\n}","statusCode":2,"contentAvailable":true},"Response":{"specId":798,"type":"Response","adapterType":null,"specType":"JOLT","status":"Active","specification":"[\n  {\n    \"operation\": \"shift\",\n    \"spec\": {\n\"id\":\"id\",\n\"*\":\"fields.&\"\n}\n},\n{\n\"operation\": \"modify-overwrite-beta\",\n    \"spec\": {\n\"id\": \"=toString\"\n}\n},\n{\n\"operation\": \"modify-overwrite-beta\",\n    \"spec\": {\n\"fields\":{\n      \"*\": \"=toString\"\n}\n}\n}\n]","samplePayload":"{\n    \"id\": 7,\n    \"title\": \"My 3rd test case\",\n    \"section_id\": 1,\n    \"template_id\": 1,\n    \"type_id\": 1,\n    \"priority_id\": 3,\n    \"milestone_id\": null,\n    \"refs\": \"RF-1, RF-2\",\n    \"created_by\": 1,\n    \"created_on\": 1600814460,\n    \"updated_by\": 1,\n    \"updated_on\": 1600814460,\n    \"estimate\": \"3m\",\n    \"estimate_forecast\": null,\n    \"suite_id\": 1,\n    \"display_order\": 7,\n    \"custom_automation_type\": null,\n    \"custom_preconds\": null,\n    \"custom_steps\": null,\n    \"custom_expected\": null,\n    \"custom_steps_separated\": null,\n    \"custom_mission\": null,\n    \"custom_goals\": null\n}","statusCode":2,"contentAvailable":true}}}},"default":true}]